﻿<?xml version="1.0" encoding="utf-8"?>
<AgileDotNet Version="6.6.0.12" Time="03-10-2021 12.59.21 AM">
  <Module N="XWinService, Version=1.0.0.3, Culture=neutral, PublicKeyToken=null">
    <Type N="&lt;Module&gt;" />
    <Type N="&lt;&gt;f__AnonymousType0`1">
      <Method N="Void .ctor(!0 SalesDataCollection)" />
      <Method N="Boolean Equals(Object value)" />
      <Method N="Int32 GetHashCode()" />
      <Method N="String ToString()" />
    </Type>
    <Type N="&lt;&gt;f__AnonymousType1`1">
      <Method N="Void .ctor(!0 SalesInfo)" />
      <Method N="Boolean Equals(Object value)" />
      <Method N="Int32 GetHashCode()" />
      <Method N="String ToString()" />
    </Type>
    <Type N="&lt;&gt;f__AnonymousType2`3">
      <Method N="Void .ctor(!0 Code, !1 Result, !2 ErrorMsg)" />
      <Method N="Boolean Equals(Object value)" />
      <Method N="Int32 GetHashCode()" />
      <Method N="String ToString()" />
    </Type>
    <Type N="Controls.XeText">
      <Method N="Void .ctor()" />
    </Type>
    <Type N="BL.ErrorLog">
      <Method N="Void ClearErrors()" />
      <Method N="System.Collections.Generic.IEnumerable&lt;System.Windows.Forms.Control&gt; GetAll(System.Windows.Forms.Control control)" />
      <Method N="System.Windows.Forms.Control SetError(System.Windows.Forms.Control Controls, String PropName)" />
      <Method N="Void .ctor()" />
      <Method N="System.Collections.Generic.IEnumerable&lt;System.Windows.Forms.Control&gt; &lt;GetAll&gt;b__13_0(System.Windows.Forms.Control ctrl)" />
      <Field N="&lt;ErrorPopertyName&gt;k__BackingField" ON="oRM=" />
      <Field N="&lt;ErrorMessage&gt;k__BackingField" ON="ohM=" />
      <Field N="&lt;ErrorList&gt;k__BackingField" ON="oxM=" />
    </Type>
    <Type N="BL.TransactionReport">
      <Method N="Boolean IsDate(String strDate)" />
      <Method N="Boolean ValidateReport()" />
      <Method N="System.Data.DataTable GetTransactionReport()" />
      <Method N="Void Log(String logMessage, System.IO.StreamWriter stWriter, BL.TransactionReport m_TranRepo)" ON="rxM=" />
      <Method N="Void SigleLineLog(String logMessage, System.IO.StreamWriter stWriter, BL.TransactionReport m_TranRepo)" ON="sBM=" />
      <Method N="Void WriteLog(String strLog, BL.TransactionReport m_TranRepo)" />
      <Method N="String SetSyncData(BL.TransactionReport m_TranRepo)" ON="sRM=" />
      <Method N="Boolean TransactionReportSync(BL.TransactionReport m_TranRepo)" ON="shM=" />
      <Method N="Boolean StartSynchReportToApi(BL.TransactionReport m_TransactionRepo)" />
      <Method N="String UploadAPI(String WebAPI, String API_KEY, String JSONString)" />
      <Method N="Void StartSync(System.Windows.Forms.Form parent)" />
      <Method N="Void StopSync(System.Windows.Forms.Form parent)" />
      <Method N="Boolean ReportChecking()" />
      <Method N="Void .ctor()" />
      <Field N="m_UniNumber" ON="pBM=" />
      <Field N="m_LeaseCode" ON="pRM=" />
      <Field N="m_TransactionDate" ON="phM=" />
      <Field N="m_TransactionDateString" ON="pxM=" />
      <Field N="m_TransactionDateTo" ON="qBM=" />
      <Field N="m_TransactionDateToString" ON="qRM=" />
      <Field N="m_TransactionCount" ON="qhM=" />
      <Field N="m_TotalTransNetAmount" ON="qxM=" />
      <Field N="m_Remarks" ON="rBM=" />
      <Field N="m_ISDailyReport" ON="rRM=" />
      <Field N="m_ISMonthlyReport" ON="rhM=" />
    </Type>
    <Type N="BL.TransDailyReportJson">
      <Method N="Void .ctor()" />
      <Field N="&lt;UnitNo&gt;k__BackingField" ON="sxM=" />
      <Field N="&lt;LeaseCode&gt;k__BackingField" ON="tBM=" />
      <Field N="&lt;SalesDate&gt;k__BackingField" ON="tRM=" />
      <Field N="&lt;TransactionCount&gt;k__BackingField" ON="thM=" />
      <Field N="&lt;NetSales&gt;k__BackingField" ON="txM=" />
    </Type>
    <Type N="BL.TransMonthlyReportJson">
      <Method N="Void .ctor()" />
      <Field N="&lt;UnitNo&gt;k__BackingField" ON="sxM=" />
      <Field N="&lt;LeaseCode&gt;k__BackingField" ON="tBM=" />
      <Field N="&lt;SalesDateFrom&gt;k__BackingField" ON="uBM=" />
      <Field N="&lt;SalesDateTo&gt;k__BackingField" ON="uRM=" />
      <Field N="&lt;TransactionCount&gt;k__BackingField" ON="thM=" />
      <Field N="&lt;TotalSales&gt;k__BackingField" ON="uhM=" />
      <Field N="&lt;Remarks&gt;k__BackingField" ON="uxM=" />
    </Type>
    <Type N="BL.TransJsonResult">
      <Method N="Void .ctor()" />
      <Field N="&lt;Code&gt;k__BackingField" ON="vBM=" />
      <Field N="&lt;Result&gt;k__BackingField" ON="vRM=" />
      <Field N="&lt;ErrorMsg&gt;k__BackingField" ON="vhM=" />
    </Type>
    <Type N="XWinService.frmHome">
      <Method N="Void .ctor(Boolean IsConnection)" />
      <Method N="Void ChildForms(System.Windows.Forms.Form ChildForm)" ON="2BM=" />
      <Method N="Void SheduleSyncTime()" ON="2RM=" />
      <Method N="Void Sheduletimer_Elapsed(Object sender, System.Timers.ElapsedEventArgs e)" ON="2hM=" />
      <Method N="Boolean SetSheduler()" ON="2xM=" />
      <Method N="Void ShowInNotification()" ON="3BM=" />
      <Method N="Void btnApi_Click(Object sender, System.EventArgs e)" ON="3RM=" />
      <Method N="Void frmHome_Load(Object sender, System.EventArgs e)" ON="3hM=" />
      <Method N="Void btnConnection_Click(Object sender, System.EventArgs e)" ON="3xM=" />
      <Method N="Void btnApi_Click_1(Object sender, System.EventArgs e)" ON="4BM=" />
      <Method N="Void btnHome_Click(Object sender, System.EventArgs e)" ON="4RM=" />
      <Method N="Void frmHome_Resize(Object sender, System.EventArgs e)" ON="4hM=" />
      <Method N="Void notifyIcon_MouseDoubleClick(Object sender, System.Windows.Forms.MouseEventArgs e)" ON="4xM=" />
      <Method N="Void btnReport_Click(Object sender, System.EventArgs e)" ON="5BM=" />
      <Method N="Void SyncTimer_Tick(Object sender, System.EventArgs e)" ON="5RM=" />
      <Method N="Void frmHome_FormClosed(Object sender, System.Windows.Forms.FormClosedEventArgs e)" ON="5hM=" />
      <Method N="Void frmHome_FormClosing(Object sender, System.Windows.Forms.FormClosingEventArgs e)" ON="5xM=" />
      <Method N="Void Dispose(Boolean disposing)" />
      <Method N="Void InitializeComponent()" ON="6BM=" />
      <Field N="Sheduletimer" ON="vxM=" />
      <Field N="activeForm" ON="wBM=" />
      <Field N="CurrDt" ON="wRM=" />
      <Field N="ShedDt" ON="whM=" />
      <Field N="m_ISConnection" ON="wxM=" />
      <Field N="components" ON="xBM=" />
      <Field N="panel1" ON="xRM=" />
      <Field N="pnlLogo" ON="xhM=" />
      <Field N="label1" ON="xxM=" />
      <Field N="panel2" ON="yBM=" />
      <Field N="lblTitle" ON="yRM=" />
      <Field N="btnApi" ON="yhM=" />
      <Field N="btnConnection" ON="yxM=" />
      <Field N="btnHome" ON="zBM=" />
      <Field N="notifyIcon" ON="zRM=" />
      <Field N="panel3" ON="zhM=" />
      <Field N="label3" ON="zxM=" />
      <Field N="label2" ON="0BM=" />
      <Field N="lblSyncWith" ON="0RM=" />
      <Field N="lblSheduledTime" ON="0hM=" />
      <Field N="pnlMain" ON="0xM=" />
      <Field N="panel4" ON="1BM=" />
      <Field N="lblSysDate" ON="1RM=" />
      <Field N="btnReport" ON="1hM=" />
      <Field N="lblHomeDate" ON="1xM=" />
    </Type>
    <Type N="XWinService.WorkOption" ON="6hM=.6RM=">
      <Field N="Save" ON="6xM=" />
      <Field N="Get" ON="7BM=" />
      <Field N="Search" ON="7RM=" />
    </Type>
    <Type N="XWinService.frmConnection">
      <Method N="Void .ctor()" />
      <Method N="Void Init()" ON="ARQ=" />
      <Method N="Void NewConnection()" ON="AhQ=" />
      <Method N="Void SetProperties()" ON="AxQ=" />
      <Method N="Void AddProperties()" ON="BBQ=" />
      <Method N="Void ConnectionSave()" ON="BRQ=" />
      <Method N="Void ReadConnection()" ON="BhQ=" />
      <Method N="Void frmConnection_Load(Object sender, System.EventArgs e)" ON="BxQ=" />
      <Method N="Void btnConnect_Click(Object sender, System.EventArgs e)" ON="CBQ=" />
      <Method N="Void btnCancel_Click(Object sender, System.EventArgs e)" ON="CRQ=" />
      <Method N="Void backgroundWorker_DoWork(Object sender, System.ComponentModel.DoWorkEventArgs e)" ON="ChQ=" />
      <Method N="Void backgroundWorker_RunWorkerCompleted(Object sender, System.ComponentModel.RunWorkerCompletedEventArgs e)" ON="CxQ=" />
      <Method N="Void Dispose(Boolean disposing)" />
      <Method N="Void InitializeComponent()" ON="6BM=" />
      <Field N="m_ConString" ON="7hM=" />
      <Field N="m_DBConnection" ON="7xM=" />
      <Field N="m_BindingSource" ON="8BM=" />
      <Field N="m_ErrorProvider" ON="8RM=" />
      <Field N="m_FocusControlsList" ON="8hM=" />
      <Field N="ActionOption" ON="8xM=" />
      <Field N="Dialogue" ON="9BM=" />
      <Field N="components" ON="xBM=" />
      <Field N="panel2" ON="yBM=" />
      <Field N="panel1" ON="xRM=" />
      <Field N="txtPassword" ON="9RM=" />
      <Field N="label3" ON="zxM=" />
      <Field N="txtUserName" ON="9hM=" />
      <Field N="label2" ON="0BM=" />
      <Field N="txtServerName" ON="9xM=" />
      <Field N="label1" ON="xxM=" />
      <Field N="btnConnect" ON="/BM=" />
      <Field N="errorProvider" ON="/RM=" />
      <Field N="txtDB" ON="/hM=" />
      <Field N="lblDB" ON="/xM=" />
      <Field N="backgroundWorker" ON="ABQ=" />
    </Type>
    <Type N="XWinService.frmDialouge">
      <Method N="Void .ctor(String Message)" />
      <Method N="Void frmDialouge_Load(Object sender, System.EventArgs e)" ON="DxQ=" />
      <Method N="Void Dispose(Boolean disposing)" />
      <Method N="Void InitializeComponent()" ON="6BM=" />
      <Field N="&lt;m_Message&gt;k__BackingField" ON="DBQ=" />
      <Field N="components" ON="xBM=" />
      <Field N="picLoad" ON="DRQ=" />
      <Field N="lblMessage" ON="DhQ=" />
    </Type>
    <Type N="XWinService.frmXWinService">
      <Method N="Void .ctor(System.Windows.Forms.Form frmParent)" />
      <Method N="Void Init()" ON="ARQ=" />
      <Method N="Void NewApiConnection()" ON="JBQ=" />
      <Method N="Void SetProperties()" ON="AxQ=" />
      <Method N="Void AddProperties()" ON="BBQ=" />
      <Method N="Void ApiSettingSave()" ON="JRQ=" />
      <Method N="Void ReadConnection()" ON="BhQ=" />
      <Method N="Boolean SaveConfigSettings()" ON="JhQ=" />
      <Method N="XWinService.BL.ApiConnection GetSettings()" ON="JxQ=" />
      <Method N="Boolean IsDate(String strDate)" />
      <Method N="Void frmXWinService_Load(Object sender, System.EventArgs e)" ON="KBQ=" />
      <Method N="Void btnSave_Click(Object sender, System.EventArgs e)" ON="KRQ=" />
      <Method N="Void backgroundWorker_DoWork(Object sender, System.ComponentModel.DoWorkEventArgs e)" ON="ChQ=" />
      <Method N="Void backgroundWorker_RunWorkerCompleted(Object sender, System.ComponentModel.RunWorkerCompletedEventArgs e)" ON="CxQ=" />
      <Method N="Void Dispose(Boolean disposing)" />
      <Method N="Void InitializeComponent()" ON="6BM=" />
      <Field N="m_ApiConnection" ON="EBQ=" />
      <Field N="m_BindingSource" ON="8BM=" />
      <Field N="m_ErrorProvider" ON="8RM=" />
      <Field N="m_FocusControlsList" ON="8hM=" />
      <Field N="Dialogue" ON="9BM=" />
      <Field N="workOption" ON="ERQ=" />
      <Field N="ParentForm" ON="EhQ=" />
      <Field N="components" ON="xBM=" />
      <Field N="panel1" ON="xRM=" />
      <Field N="btnSave" ON="ExQ=" />
      <Field N="pnlTop" ON="FBQ=" />
      <Field N="label2" ON="0BM=" />
      <Field N="txtSecret" ON="FRQ=" />
      <Field N="label1" ON="xxM=" />
      <Field N="txtAPIKey" ON="FhQ=" />
      <Field N="txtAPI" ON="FxQ=" />
      <Field N="lblApi" ON="GBQ=" />
      <Field N="groupBox2" ON="GRQ=" />
      <Field N="groupBox1" ON="GhQ=" />
      <Field N="dtSyncStartDate" ON="GxQ=" />
      <Field N="label3" ON="zxM=" />
      <Field N="groupBox3" ON="HBQ=" />
      <Field N="label5" ON="HRQ=" />
      <Field N="label4" ON="HhQ=" />
      <Field N="dtTimeStamp" ON="HxQ=" />
      <Field N="label6" ON="IBQ=" />
      <Field N="backgroundWorker" ON="ABQ=" />
      <Field N="chkEnableSync" ON="IRQ=" />
      <Field N="txtLeaseCode" ON="IhQ=" />
      <Field N="txtUnitNumber" ON="IxQ=" />
    </Type>
    <Type N="XWinService.Program" ON="6hM=.KhQ=">
      <Method N="Void Main()" ON="KxQ=" />
      <Method N="Boolean CheckServerConnection()" ON="LBQ=" />
      <Method N="Void GetGlobals()" ON="LRQ=" />
      <Method N="Void SheduleSyncTime()" ON="2RM=" />
      <Method N="Void Sheduletimer_Elapsed(Object sender, System.Timers.ElapsedEventArgs e)" ON="2hM=" />
      <Method N="Void GetSettings()" ON="JxQ=" />
      <Field N="Sheduletimer" ON="vxM=" />
    </Type>
    <Type N="XWinService.Properties.Resources" ON="LxQ=.LhQ=">
      <Property N="ResourceManager" ON="MxQ=">
        <Getter N="System.Resources.ResourceManager get_ResourceManager()" ON="MhQ=" />
      </Property>
      <Property N="Culture" ON="NhQ=">
        <Getter N="System.Globalization.CultureInfo get_Culture()" ON="NBQ=" />
        <Setter N="Void set_Culture(System.Globalization.CultureInfo value)" ON="NRQ=" />
      </Property>
      <Method N="Void .ctor()" />
      <Field N="resourceMan" ON="MBQ=" />
      <Field N="resourceCulture" ON="MRQ=" />
    </Type>
    <Type N="XWinService.Properties.Settings">
      <Method N="Void .ctor()" />
      <Method N="Void .cctor()" />
    </Type>
    <Type N="XWinService.UI.frmTransactionReportSynch">
      <Method N="Void .ctor()" />
      <Method N="Void Init()" ON="ARQ=" />
      <Method N="Void NewTransReport()" ON="TBQ=" />
      <Method N="Void SetProperties()" ON="AxQ=" />
      <Method N="Void AddProperties()" ON="BBQ=" />
      <Method N="Void Log(String logMessage, System.IO.StreamWriter stWriter)" ON="rxM=" />
      <Method N="Void SigleLineLog(String logMessage, System.IO.StreamWriter stWriter)" ON="sBM=" />
      <Method N="Void WriteLog(String strLog)" />
      <Method N="Void frmTransactionReportSynch_Load(Object sender, System.EventArgs e)" ON="TRQ=" />
      <Method N="Void ShowReport()" ON="ThQ=" />
      <Method N="Void SyncReport()" ON="TxQ=" />
      <Method N="Void btnPush_Click(Object sender, System.EventArgs e)" ON="UBQ=" />
      <Method N="String UploadAPI(String WebAPI, String API_KEY, String JSONString)" />
      <Method N="String SetSyncData()" ON="sRM=" />
      <Method N="String TransactionReportSync()" ON="shM=" />
      <Method N="Void button1_Click(Object sender, System.EventArgs e)" ON="URQ=" />
      <Method N="Void SetReportType()" ON="UhQ=" />
      <Method N="Void btnShow_Click(Object sender, System.EventArgs e)" ON="UxQ=" />
      <Method N="Void rbDailyRepo_CheckedChanged(Object sender, System.EventArgs e)" ON="VBQ=" />
      <Method N="Void rbMonthlyRepo_CheckedChanged(Object sender, System.EventArgs e)" ON="VRQ=" />
      <Method N="Void backgroundWorker_DoWork(Object sender, System.ComponentModel.DoWorkEventArgs e)" ON="ChQ=" />
      <Method N="Void backgroundWorker_RunWorkerCompleted(Object sender, System.ComponentModel.RunWorkerCompletedEventArgs e)" ON="CxQ=" />
      <Method N="Void Dispose(Boolean disposing)" />
      <Method N="Void InitializeComponent()" ON="6BM=" />
      <Field N="m_TranRepo" ON="NxQ=" />
      <Field N="m_BindingSource" ON="8BM=" />
      <Field N="m_ErrorProvider" ON="8RM=" />
      <Field N="m_FocusControlsList" ON="8hM=" />
      <Field N="l1" ON="OBQ=" />
      <Field N="objReportJson" ON="ORQ=" />
      <Field N="Dialogue" ON="9BM=" />
      <Field N="workOption" ON="ERQ=" />
      <Field N="components" ON="xBM=" />
      <Field N="panel1" ON="xRM=" />
      <Field N="pnlTransMain" ON="OhQ=" />
      <Field N="btnPush" ON="OxQ=" />
      <Field N="panel3" ON="zhM=" />
      <Field N="label2" ON="0BM=" />
      <Field N="txtLeaseCode" ON="IhQ=" />
      <Field N="lblLeaseCode" ON="PBQ=" />
      <Field N="pnlDaily" ON="PRQ=" />
      <Field N="dtTranDate" ON="PhQ=" />
      <Field N="label4" ON="HhQ=" />
      <Field N="label3" ON="zxM=" />
      <Field N="txtTransNetAmount" ON="PxQ=" />
      <Field N="txtTransCount" ON="QBQ=" />
      <Field N="lblUnitNumber" ON="QRQ=" />
      <Field N="txtUnitNumber" ON="IxQ=" />
      <Field N="button1" ON="QhQ=" />
      <Field N="groupBox1" ON="GhQ=" />
      <Field N="rbMonthlyRepo" ON="QxQ=" />
      <Field N="rbDailyRepo" ON="RBQ=" />
      <Field N="label10" ON="RRQ=" />
      <Field N="txtRemarks" ON="RhQ=" />
      <Field N="dtTransDateTo" ON="RxQ=" />
      <Field N="label8" ON="SBQ=" />
      <Field N="btnShow" ON="SRQ=" />
      <Field N="SErrorProvider" ON="ShQ=" />
      <Field N="errorProvider1" ON="SxQ=" />
      <Field N="backgroundWorker" ON="ABQ=" />
    </Type>
    <Type N="XWinService.UI.WindowsFocusControls">
      <Method N="Void .ctor(System.Windows.Forms.Control objControl, Int32 TabIndex)" />
      <Field N="m_DataboundControl" ON="VhQ=" />
      <Field N="m_TabIndex" ON="VxQ=" />
    </Type>
    <Type N="XWinService.SQLConnection.ConnectionGlobal" ON="WRQ=.WBQ=">
      <Property N="SalesServerConnectionExists" ON="XhQ=">
        <Getter N="Boolean get_SalesServerConnectionExists()" ON="XBQ=" />
        <Setter N="Void set_SalesServerConnectionExists(Boolean value)" ON="XRQ=" />
      </Property>
      <Property N="PrimaryConnectionString" ON="YRQ=">
        <Getter N="String get_PrimaryConnectionString()" ON="XxQ=" />
        <Setter N="Void set_PrimaryConnectionString(String value)" ON="YBQ=" />
      </Property>
      <Method N="Void .ctor()" />
      <Field N="&lt;SalesServerConnectionExists&gt;k__BackingField" ON="WhQ=" />
      <Field N="&lt;PrimaryConnectionString&gt;k__BackingField" ON="WxQ=" />
    </Type>
    <Type N="XWinService.SQLConnection.SqlCommandType" />
    <Type N="XWinService.SQLConnection.SqlConnectionType" />
    <Type N="XWinService.SQLConnection.SqlDataType" />
    <Type N="XWinService.SQLConnection.SqlParameterDirection" />
    <Type N="XWinService.SQLConnection.SQLDataServerConnection">
      <Method N="Void .ctor()" />
      <Method N="Boolean OpenConnection(XWinService.SQLConnection.SqlConnectionType CnType, String strAnotherConnectionString)" />
      <Method N="Void CloseConnection(XWinService.SQLConnection.SqlConnectionType CnType)" />
      <Method N="Void CreateCommand(String strCmdText, XWinService.SQLConnection.SqlCommandType cmdType, XWinService.SQLConnection.SqlConnectionType CnType)" />
      <Method N="Void DisposeCommand(XWinService.SQLConnection.SqlConnectionType CnType)" />
      <Method N="System.Data.SqlClient.SqlParameter AddParameter(String strParameterName, Object ParameterValue, XWinService.SQLConnection.SqlDataType dbType, Int32 Size, XWinService.SQLConnection.SqlParameterDirection ParameterDirection, XWinService.SQLConnection.SqlConnectionType CnType)" />
      <Method N="Void ClearParameters(XWinService.SQLConnection.SqlConnectionType CnType)" />
      <Method N="Object GetParameterValue(String ParameterName)" />
      <Method N="System.Data.DataTable FillDataTable(XWinService.SQLConnection.SqlConnectionType CnType)" />
      <Field N="objConn" ON="YhQ=" />
      <Field N="strConBuilder" ON="YxQ=" />
      <Field N="m_SqlPrimaryCon" ON="ZBQ=" />
      <Field N="m_sqlOtherCon" ON="ZRQ=" />
      <Field N="m_sqlTransactionCon" ON="ZhQ=" />
      <Field N="m_sqlCmdPrimary" ON="ZxQ=" />
      <Field N="m_sqlCmdOther" ON="aBQ=" />
      <Field N="m_PrimaryConnectionString" ON="aRQ=" />
      <Field N="m_strError" ON="ahQ=" />
      <Field N="m_IsError" ON="axQ=" />
      <Field N="m_SQLQuery" ON="bBQ=" />
    </Type>
    <Type N="XWinService.Global.Crypto">
      <Method N="String GetHardwareID(String drive)" />
      <Method N="String GetMachineVolumeID(String drive)" />
      <Method N="String GetCPUID()" />
      <Method N="String Encript(String Pass)" />
      <Method N="String Decript(String Pass)" />
      <Method N="String DecriptBase64(String Pass)" />
      <Method N="Void .ctor()" />
    </Type>
    <Type N="XWinService.Global.SystemGlobals">
      <Method N="Boolean IsDate(String strDate)" />
      <Method N="Void NofificationDialouge(String Message)" />
      <Method N="Void DialogDelay()" ON="dxQ=" />
      <Method N="Void WaitDialouge(String Message)" />
      <Method N="Void DialougeStop()" />
      <Method N="Void SetGlobalSettings()" />
      <Method N="Void .ctor()" />
      <Field N="&lt;UnitNumber&gt;k__BackingField" ON="bRQ=" />
      <Field N="&lt;LeaseCode&gt;k__BackingField" ON="tBM=" />
      <Field N="&lt;API&gt;k__BackingField" ON="bhQ=" />
      <Field N="&lt;API_KEY&gt;k__BackingField" ON="bxQ=" />
      <Field N="&lt;SecretKey&gt;k__BackingField" ON="cBQ=" />
      <Field N="&lt;SheduledTime&gt;k__BackingField" ON="cRQ=" />
      <Field N="&lt;ApiSyncStartDate&gt;k__BackingField" ON="chQ=" />
      <Field N="&lt;ApiLastSyncDate&gt;k__BackingField" ON="cxQ=" />
      <Field N="&lt;Unitnumber&gt;k__BackingField" ON="dBQ=" />
      <Field N="&lt;StartSync&gt;k__BackingField" ON="dRQ=" />
      <Field N="Dialouge" ON="dhQ=" />
    </Type>
    <Type N="XWinService.DL.TransactionReportDat">
      <Method N="System.Data.DataTable GetTransactionReport(BL.TransactionReport obj)" />
      <Method N="Void .ctor()" />
    </Type>
    <Type N="XWinService.BL.ApiConnection">
      <Method N="Boolean IsDate(String strDate)" />
      <Method N="Void .ctor()" />
      <Field N="m_API" ON="eBQ=" />
      <Field N="m_API_Key" ON="eRQ=" />
      <Field N="m_SecretKey" ON="ehQ=" />
      <Field N="m_ApiSyncStartDate" ON="exQ=" />
      <Field N="m_UnitNumber" ON="fBQ=" />
      <Field N="m_LeaseCode" ON="pRM=" />
      <Field N="m_SheduledTime" ON="fRQ=" />
      <Field N="m_SheduledTimeStr" ON="fhQ=" />
      <Field N="m_StartSync" ON="fxQ=" />
    </Type>
    <Type N="XWinService.BL.SQLDBConnection">
      <Method N="Void CheckDbConnection(Microsoft.Win32.RegistryKey Rkey)" />
      <Method N="Void .ctor()" />
      <Field N="&lt;ServerName&gt;k__BackingField" ON="gBQ=" />
      <Field N="&lt;DataBase&gt;k__BackingField" ON="gRQ=" />
      <Field N="&lt;UserName&gt;k__BackingField" ON="ghQ=" />
      <Field N="&lt;Password&gt;k__BackingField" ON="gxQ=" />
      <Field N="&lt;NeverShow&gt;k__BackingField" ON="hBQ=" />
    </Type>
    <Type N="XWinService.Global.SystemGlobals+&lt;DialogDelay&gt;d__43">
      <Method N="Void MoveNext()" />
      <Method N="Void SetStateMachine(System.Runtime.CompilerServices.IAsyncStateMachine stateMachine)" />
    </Type>
    <Type N="AcceleratedIdeas.AIEncryptor">
      <Method N="Void .ctor()" />
      <Method N="Void .ctor(System.ComponentModel.IContainer container)" />
      <Method N="String EncryptString(String plainText)" />
      <Method N="String DecryptString(String encryptedText)" />
      <Method N="Void EncryptFile(String inFile)" />
      <Method N="Void EncryptFile(String inFile, String outFileName)" />
      <Method N="Void EncryptFile(String inFile, String outFileName, String outDirectory)" />
      <Method N="Void DecryptFile(String inFile)" />
      <Method N="Void DecryptFile(String inFile, String outFileName)" />
      <Method N="Void DecryptFile(String inFile, String outFileName, String outDirectory)" />
      <Method N="Void DoTransformFile(String inFile, AcceleratedIdeas.AIEncryptor+TransformType aType, String newFileName, String alternativeDirectory)" ON="jBQ=" />
      <Method N="Void Dispose(Boolean disposing)" />
      <Method N="Void InitializeComponent()" ON="6BM=" />
      <Field N="_PassPhrase" ON="hRQ=" />
      <Field N="_SaltValue" ON="hhQ=" />
      <Field N="_AIHashTypes" ON="hxQ=" />
      <Field N="_FileEncryptExtension" ON="iBQ=" />
      <Field N="_FileDecryptExtension" ON="iRQ=" />
      <Field N="_initVector" ON="ihQ=" />
      <Field N="_passPhraseStrength" ON="ixQ=" />
      <Field N="components" ON="xBM=" />
    </Type>
    <Type N="AcceleratedIdeas.AIEncryptor+AIHashTypes" />
    <Type N="AcceleratedIdeas.AIEncryptor+TransformType" ON="AcceleratedIdeas.AIEncryptor+jRQ=">
      <Field N="_encrypt" ON="jhQ=" />
      <Field N="_decrypt" ON="jxQ=" />
    </Type>
    <Type N="AcceleratedIdeas.AIException">
      <Method N="Void .ctor()" />
      <Method N="Void .ctor(String Message)" />
      <Field N="_Message" ON="kBQ=" />
    </Type>
  </Module>
</AgileDotNet>