﻿<?xml version="1.0" encoding="utf-8"?><ServiceSettings><SecretKey>O5AyMG3LVfevtLj8eV6iV1ukO43OHDfyMEm2wCZeRmk=</SecretKey><API_Key>De0mn6vQQRXOq/hiYs1bXSnfHa4IwYvHjSTkcIas490tGYihNPymIyRFQZYfUKE4</API_Key><API>Xy/wtuqqe4wTml/dZyTbEzZ680NZ1UuSLw66+0gIgoJXAhT6KL/kIOlBAmJ7Ca/y</API><LeaseCode>VoGxMoTwCSNB146Tidiqdg==</LeaseCode><Unitnumber>FrN+OviwtTl1g13WdhSvaw==</Unitnumber><ApiSyncStartDate>gambO23V1u1GdBp8cJdeBCIJrppgU+dcWEJFqhq/0u8=</ApiSyncStartDate><SheduledTime>nLkoM4V5Erqu6N1BqmuDbIn56hrt03a0d0lSM4HWX+k=</SheduledTime><SheduledTimeStr>bxC4H7mUno0Tsj41w8HEXg==</SheduledTimeStr><StartSync>ov/RbP9Xg2pKSud+zD626A==</StartSync></ServiceSettings>